,Дата выпуска,Ссылка на видео в YouTube,Заголовок,Подзаголовок
1,2022-12-10,https://www.youtube.com/watch?v=uZyqVK_Lk1Q,Трансляции сатсангов на Бали,"Тебя нет! Тебя не существует, но есть секрет..."
2,2022-12-08,https://www.youtube.com/watch?v=DyXOtnW4RJ4,Трансляции сатсангов на Бали,Как найти себя? Почему не могу? Где искать?
3,2022-12-03,https://www.youtube.com/watch?v=pAeGigifmnE,Трансляции сатсангов на Бали,Что такое сознание? Давай увидим прямо сейчас!
4,2023-04-08,https://www.youtube.com/watch?v=aPC_R_FsE70,Трансляции сатсангов на Бали,"Рискуй, не бойся!"
5,2022-12-27,https://www.youtube.com/watch?v=_6015DdEBIY,Трансляции сатсангов на Бали,"Метод Будды: я не тело, я не ум"
6,2023-03-17,https://www.youtube.com/watch?v=nadhr5KG1xw,Трансляции сатсангов на Бали,Хитрый замок на двери бога
7,2023-03-23,https://www.youtube.com/watch?v=FQ8NyUQGhEo,Трансляции сатсангов на Бали,"Я не тело, я не ум"
8,2023-02-20,https://www.youtube.com/watch?v=Fz0vhxZAdsM,Трансляции сатсангов на Бали,Тайна Ложного Смирения
9,2023-01-31,https://www.youtube.com/watch?v=M3Zgshq6734,Трансляции сатсангов на Бали,Благодарность - вход к удивительной тайне жизни
10,2023-01-04,https://www.youtube.com/watch?v=NsgoOdSbtZ4,Трансляции сатсангов на Бали,"Страшная болезнь, вирус и пробуждение"
11,2023-01-14,https://www.youtube.com/watch?v=gI-Gx6FXSQw,Трансляции сатсангов на Бали,Очередь на кладбище и пробуждение к Вечности
12,2023-02-08,https://www.youtube.com/watch?v=QU-oQ-K-zHA,Трансляции сатсангов на Бали,Вход к богу: толпе вход закрыт
13,2022-12-23,https://www.youtube.com/watch?v=zgU7FjH0Ju0,Трансляции сатсангов на Бали,Куда ты спешишь? На что мы тратим жизнь?
14,2023-01-08,https://www.youtube.com/watch?v=_ERYkLQumVo,Трансляции сатсангов на Бали,Что такое мистический опыт? Единство всех путей
15,2023-01-13,https://www.youtube.com/watch?v=X2Lj-nwaWAs,Трансляции сатсангов на Бали,"Жадность и просветление, почему мы держимся за всё?"
16,2023-04-13,https://www.youtube.com/watch?v=6yP3Lcu2xMo,Трансляции сатсангов на Бали,"Вы не поверите, что Даниил Зуев знает о Сознании и Уме!"
17,2022-12-26,https://www.youtube.com/watch?v=y1bChSgummc,Трансляции сатсангов на Бали,Откуда взялся свет? Что такое конец света?
18,2023-04-21,https://www.youtube.com/watch?v=quCFc16MiVY,Трансляции сатсангов на Бали,"Сознание подобно зеркалу. Ты решил, что ты отражение?"
19,2022-11-29,https://www.youtube.com/watch?v=JHczBNh25Cg,Трансляции сатсангов на Бали,Почему мы не хотим перестать страдать?
20,2023-01-23,https://www.youtube.com/watch?v=yrW9TTBbyXY,Трансляции сатсангов на Бали,Нужно быть скромным: скромность и мудрость
21,2023-01-10,https://www.youtube.com/watch?v=0OfVtUaD4lI,Трансляции сатсангов на Бали,Груз прошлого: почему и что делать?
22,2023-01-21,https://www.youtube.com/watch?v=LOZtAEEY-Rs,Трансляции сатсангов на Бали,"Надежда на бога, ответственность за жизнь"
23,2022-12-09,https://www.youtube.com/watch?v=vmsNA_lA6kY,Трансляции сатсангов на Бали,Что такое чудо?
24,2023-05-01,https://www.youtube.com/watch?v=WKegolDyDfY,Трансляции сатсангов на Бали,Майский ретрит. День 1. Пробуждение в эфире!
25,2023-01-03,https://www.youtube.com/watch?v=VRRgs06pn-I,Трансляции сатсангов на Бали,Будда - обманщик? Как Будда обманывал людей
26,2023-03-21,https://www.youtube.com/watch?v=0iHTcL--l90,Трансляции сатсангов на Бали,Ваша жизнь потеряна... Что делать?
27,2022-12-18,https://www.youtube.com/watch?v=np6YOs5nVng,Трансляции сатсангов на Бали,Потерял себя среди стада: как найти себя?
28,2023-04-12,https://www.youtube.com/watch?v=eT6INHD5zpk,Трансляции сатсангов на Бали,Что происходит с грешником после смерти?
29,2023-02-14,https://www.youtube.com/watch?v=gwu7Dc36yek,Трансляции сатсангов на Бали,Мёртвый ответ. Мёртвая жизнь
30,2023-02-13,https://www.youtube.com/watch?v=SKidYD6Ji-M,Трансляции сатсангов на Бали,Привязанность до смерти и беспокойство в момент неизбежности
31,2023-02-09,https://www.youtube.com/watch?v=tisSIIfU9hM,Трансляции сатсангов на Бали,Происходит ли чудо позади просветленного?
32,2023-03-03,https://www.youtube.com/watch?v=l0IfkHfMnC0,Трансляции сатсангов на Бали,Жирный медитирующий
33,2022-12-05,https://www.youtube.com/watch?v=AmakEKeBPBw,Трансляции сатсангов на Бали,"Любовь и ум, Даниил Зуев и бог, ченнелинг и учителя, архангел Михаил и Владимир Соловьев"
34,2023-02-02,https://www.youtube.com/watch?v=Ct-6KcfjaRo,Трансляции сатсангов на Бали,Кто сейчас просветлённый мастер?
35,2023-02-26,https://www.youtube.com/watch?v=niMAg4rokmM,Трансляции сатсангов на Бали,Навязанная истина. Как нас гипнотизируют?
36,2023-03-10,https://www.youtube.com/watch?v=jaYAsE3cifg,Трансляции сатсангов на Бали,Совершенство делает всё искуственным. Что такое целостность?
37,2023-02-27,https://www.youtube.com/watch?v=YRoQ7LUvYHY,Трансляции сатсангов на Бали,Одежда богов. Как выглядит бог?
38,2023-01-26,https://www.youtube.com/watch?v=7v4m8gewYbM,Трансляции сатсангов на Бали,"Молитва - это бизнес, бизнес с богом"
39,2023-01-05,https://www.youtube.com/watch?v=-acoXMmbCHU,Трансляции сатсангов на Бали,Знания не могут удивить! Почему жизнь скучная?
40,2023-01-27,https://www.youtube.com/watch?v=gnSC9sRHt5E,Трансляции сатсангов на Бали,"Всё пройдет, и это пройдет!"
41,2022-12-22,https://www.youtube.com/watch?v=f0fWYcJGQmQ,Трансляции сатсангов на Бали,Жизнь - это? Что такое жизнь?
42,2022-12-04,https://www.youtube.com/watch?v=LvdlMnwJBTI,Трансляции сатсангов на Бали,Что такое идеальная личность и жизнь?
43,2022-11-28,https://www.youtube.com/watch?v=2kvxYg3TYO0,Трансляции сатсангов на Бали,"Пока я искал, я не мог найти. Когда я отбросил поиск, оказалось, что ищущий и был целью поиска."
44,2023-04-26,https://www.youtube.com/watch?v=i41ue8TgXtI,Трансляции сатсангов на Бали,Удивительная история! Найден настоящий святой - но как опознали?
45,2023-03-16,https://www.youtube.com/watch?v=NR_ma5NjM6E,Трансляции сатсангов на Бали,Куда спрятался бог? Где найти бога?
46,2023-01-28,https://www.youtube.com/watch?v=thjhTKx4zjw,Трансляции сатсангов на Бали,Как попасть на небеса? Покайтесь!
47,2023-03-24,https://www.youtube.com/watch?v=i9ii9LoBTZo,Трансляции сатсангов на Бали,Глупые оправдания. Пора пробудиться!
48,2023-03-18,https://www.youtube.com/watch?v=e3d1yAH4rz8,Трансляции сатсангов на Бали,Настоящий художник: кто такой творец жизни?
49,2023-02-01,https://www.youtube.com/watch?v=8Gb_zu76pM4,Трансляции сатсангов на Бали,Моя цель - завоевать весь мир!
50,2023-01-16,https://www.youtube.com/watch?v=ZxH9Ude4-aM,Трансляции сатсангов на Бали,Свет преследует тьму! Что такое личность?
51,2023-04-03,https://www.youtube.com/watch?v=vNrs_iqKXQc,Трансляции сатсангов на Бали,Ученик посетил мастера… И что произошло дальше?
52,2023-01-10,https://www.youtube.com/watch?v=_74OXdAkGnA,Трансляции сатсангов на Бали,Истинная медитация. Что такое медитировать?
53,2023-02-28,https://www.youtube.com/watch?v=yKiTwLv4Jo8,Трансляции сатсангов на Бали,Бог есть или нет? Атеист против верующего
54,2023-04-20,https://www.youtube.com/watch?v=TN5mjj3cegY,Трансляции сатсангов на Бали,"Почему возникают конфликты? Конфликт неизбежен? Страх, ревность, надежды..."
55,2023-04-25,https://www.youtube.com/watch?v=aOJbvY7BDHk,Трансляции сатсангов на Бали,Ты готов узнать самую большую тайну жизни?
56,2023-05-07,https://www.youtube.com/watch?v=U4rSmlNPzDI,Трансляции сатсангов на Бали,Майский ретрит с Даниилом Зуевым. День 1. Пора просыпаться!
57,2023-02-10,https://www.youtube.com/watch?v=g5stXRuoSa4,Трансляции сатсангов на Бали,"Для тебя смысл всей жизни, для кого-то проклятье"
58,2022-12-16,https://www.youtube.com/watch?v=sXz7O4R9Ujw,Трансляции сатсангов на Бали,Что ты желаешь сейчас? Не надо желать?
59,2023-05-02,https://www.youtube.com/watch?v=e6NKgWK6w1M,Трансляции сатсангов на Бали,Майский ретрит с Даниилом Зуевым. День 2. Пора просыпаться!
60,2023-04-07,https://www.youtube.com/watch?v=IQ6TCLwYnNM,Трансляции сатсангов на Бали,Ничто плохое не происходит в нужный момент! Учёный и теист
61,2023-04-02,https://www.youtube.com/watch?v=ZyJXkygS_Bw,Трансляции сатсангов на Бали,Просветление - это утроба матери
62,2023-03-04,https://www.youtube.com/watch?v=bFK_FEuI5kA,Трансляции сатсангов на Бали,Музыка жизни. Как играть в жизнь?
63,2022-12-28,https://www.youtube.com/watch?v=pcCvMrO-26I,Трансляции сатсангов на Бали,Поиск себя и совершенного мастера. Как жить не ради результата?
64,2022-11-30,https://www.youtube.com/watch?v=Z0ryubyVWQo,Трансляции сатсангов на Бали,Медитация в темноте и ответы на вопросы о жизни
65,2023-03-08,https://www.youtube.com/watch?v=kIEjjj0Ef10,Трансляции сатсангов на Бали,"Важное условие. Если оно не будет выполнено, то отрубить головы!"
66,2023-03-05,https://www.youtube.com/watch?v=MmWfOCVNiwE,Трансляции сатсангов на Бали,Любовь к корням. Что это такое?
67,2023-02-18,https://www.youtube.com/watch?v=CrQqLZxNzWU,Трансляции сатсангов на Бали,Таинственное возмущение обезьян: что скрывают пути к истине?
68,2022-12-17,https://www.youtube.com/watch?v=0QoPr598Cao,Трансляции сатсангов на Бали,Попал в рай. Даниил рассказал про рай и ад
69,2022-12-21,https://www.youtube.com/watch?v=w3WHalski28,Трансляции сатсангов на Бали,Вопрос жизни и смерти: важный вопрос!
70,2023-01-22,https://www.youtube.com/watch?v=kcfa0fp3Q84,Трансляции сатсангов на Бали,Поход в храм. Как правильно ходить в храм?
71,2023-03-09,https://www.youtube.com/watch?v=LocTc1J-fh8,Трансляции сатсангов на Бали,Нищий император. Стоит ли просить у богатого?
72,2023-02-15,https://www.youtube.com/watch?v=BuXuzxiF3qw,Трансляции сатсангов на Бали,Поиск сокровищ: золото или просветление?
73,2023-05-03,https://www.youtube.com/watch?v=y_rxA5oPRQ8,Трансляции сатсангов на Бали,Майский ретрит с Даниилом Зуевым. День 3. Ум хочет найти не ум
74,2023-05-05,https://www.youtube.com/watch?v=_FxofCSdFZI,Трансляции сатсангов на Бали,Майский ретрит с Даниилом Зуевым. День 5. Пора просыпаться!
75,2023-05-06,https://www.youtube.com/watch?v=nfHRjz8ndVg,Трансляции сатсангов на Бали,Майский ретрит с Даниилом Зуевым. День 6. Пора просыпаться!
76,2023-05-24,https://www.youtube.com/watch?v=V4eOr7365mI,Трансляции сатсангов на Бали,Домашний прямой эфир с Даниилом Зуевым. Кто смотрит на меня?
77,2023-02-19,https://www.youtube.com/watch?v=4A91mZ2Y3wc,Трансляции сатсангов на Бали,"Даниил Зуев покажет, что отличает мудреца от философа"
78,2023-05-04,https://www.youtube.com/watch?v=CRQI4uK9F4A,Трансляции сатсангов на Бали,Майский ретрит с Даниилом Зуевым. День 4. Пора просыпаться!
79,2022-07-13,https://www.youtube.com/watch?v=w2JhrK6KK4U,Убуд. Сатсанги.,Что такое ум?
80,2022-07-14,https://www.youtube.com/watch?v=MNXyym8wNs4,Убуд. Сатсанги.,Просветлённый человек
81,2022-07-18,https://www.youtube.com/watch?v=uKD826awuFg,Убуд. Сатсанги.,"Что делать, чтобы Быть?"
82,2022-07-19,https://www.youtube.com/watch?v=6hnooVVguB0,Убуд. Сатсанги.,Кто такая Саша?
83,2022-07-20,https://www.youtube.com/watch?v=KhNdPuL1PIo,Убуд. Сатсанги.,Поиск счастья и бессмысленность жизни
84,2022-07-23,https://www.youtube.com/watch?v=Knvey_zToWU,Убуд. Сатсанги.,Уставший Будда
85,2022-07-24,https://www.youtube.com/watch?v=CVfzV4UYf50,Убуд. Сатсанги.,Семья и государство
86,2022-07-25,https://www.youtube.com/watch?v=ZZfyJHfAdeE,Убуд. Сатсанги.,Пробуждение и реинкарнация
87,2022-07-28,https://www.youtube.com/watch?v=b3CsB0xZVFk,Убуд. Сатсанги.,Дизайн человека и просветление
88,2022-07-29,https://www.youtube.com/watch?v=LmimWSVvnfA,Убуд. Сатсанги.,Даниил Зуев раскрыл всю правду просветления
89,2022-08-05,https://www.youtube.com/watch?v=Fze0negtKX4,Убуд. Сатсанги.,Когда если не сейчас?
90,2022-08-06,https://www.youtube.com/watch?v=MTtEoNfZRBs,Убуд. Сатсанги.,Сатсанг с Даниилом Зуевым
91,2022-08-07,https://www.youtube.com/watch?v=2twBy_LeIME,Убуд. Сатсанги.,Медитация и откровение
92,2022-08-11,https://www.youtube.com/watch?v=iRwDmnhsjIM,Убуд. Сатсанги.,"Медитация, гнев и дружба"
93,2022-08-13,https://www.youtube.com/watch?v=s14iRWl5_Wg,Убуд. Сатсанги.,Существование себя
94,2022-08-14,https://www.youtube.com/watch?v=X5m0SVctbmg,Убуд. Сатсанги.,Любовь и просветление
95,2022-08-17,https://www.youtube.com/watch?v=WBTmTW72_10,Убуд. Сатсанги.,Осознание себя и ценность быть
96,2022-08-23,https://www.youtube.com/watch?v=KqVgiv3JvqI,Убуд. Сатсанги.,"А ты уверен, что хочешь пробудиться?"
97,2022-08-25,https://www.youtube.com/watch?v=G62aUQA9mX0,Убуд. Сатсанги.,Что происходит на сатсанге?
98,2022-08-29,https://www.youtube.com/watch?v=rCQlBb3LOHw,Убуд. Сатсанги.,"Поиск себя, секс и погружение в настоящий момент"
99,2022-08-30,https://www.youtube.com/watch?v=dAMayi3bJGI,Убуд. Сатсанги.,Погружение в настоящий момент
100,2022-09-01,https://www.youtube.com/watch?v=Ks_53qxIbSk,Убуд. Сатсанги.,Что за дверью? Просветление?
101,2022-09-02,https://www.youtube.com/watch?v=BorTpYaBN-Q,Убуд. Сатсанги.,"Заметь присутствие того, кто фиксирует объекты"
102,2022-09-03,https://www.youtube.com/watch?v=X5DM4en_CgI,Убуд. Сатсанги.,Свобода - это тюрьма
103,2022-09-11,https://www.youtube.com/watch?v=wWS42mnCEKU,Убуд. Сатсанги.,Что такое жизнь? В чём смысл жизни?
104,2022-09-13,https://www.youtube.com/watch?v=DLc3E5Vjv2U,Убуд. Сатсанги.,Разоблачение личности
105,2022-09-16,https://www.youtube.com/watch?v=4ml0wMKBQu8,Убуд. Сатсанги.,Ты существуешь. Просветление прямо сейчас
106,2022-09-21,https://www.youtube.com/watch?v=VBk_UEXe_KQ,Убуд. Сатсанги.,Мир теней
107,2022-09-23,https://www.youtube.com/watch?v=j8QeSl0yU4M,Убуд. Сатсанги.,Выгода моей жизни. Техника пробуждения. Путь к себе
108,2022-09-28,https://www.youtube.com/watch?v=OFzishzdqK0,Убуд. Сатсанги.,Как пробудиться? Как пробуждение меняет жизнь?
109,2022-09-30,https://www.youtube.com/watch?v=P3bAfuw6hzg,Убуд. Сатсанги.,Как не терять тишину ума?
110,2022-10-03,https://www.youtube.com/watch?v=S-2UVbS-dVI,Убуд. Сатсанги.,"Как найти себя? Пробуждение ближе, чем ты думаешь"
111,2022-10-20,https://www.youtube.com/watch?v=NMgvMzsoOls,Убуд. Сатсанги.,Погружение в сознание
112,2022-10-21,https://www.youtube.com/watch?v=RGDqdHkhjDc,Убуд. Сатсанги.,Пессимизм и истина. Два пути к удовлетворению. Медитация в неподвижности
113,2022-10-23,https://www.youtube.com/watch?v=UUuN_O28QwI,Убуд. Сатсанги.,Три шага к счастью: Даниил Зуев про Эпикура и Аристотеля
114,2022-10-28,https://www.youtube.com/watch?v=bZR8QRNKdQw,Убуд. Сатсанги.,Кто такой сверхчеловек? Как и каким образом стать? Даниил Зуев о Ницше
115,2022-11-01,https://www.youtube.com/watch?v=HsL_5SSoUZ0,Убуд. Сатсанги.,"Я знаю, что ничего не знаю: Даниил Зуев про Сократа и пробуждение"
116,2022-11-03,https://www.youtube.com/watch?v=U42At2M1jws,Убуд. Сатсанги.,Что такое глубокий сон? Как применить для пробуждения?
117,2022-11-05,https://www.youtube.com/watch?v=uzID6eiZDDY,Убуд. Сатсанги.,А может ты кому-то снишься? Сон во сне!
118,2022-11-08,https://www.youtube.com/watch?v=EBFL1gp_uvE,Убуд. Сатсанги.,"Бог - это не что иное, как неиное. Что такое бог?"
119,2022-11-11,https://www.youtube.com/watch?v=1Zi9cNgerfo,Убуд. Сатсанги.,Почему не могу пробудиться? Человеку внушили быть несчастливым!
120,2022-10-27,https://www.youtube.com/watch?v=WBTPoeRsKhY,Убуд. Сатсанги.,Что такое дружба? Как правильно дружить?
121,2022-10-25,https://www.youtube.com/watch?v=WaY8c59LTaQ,Убуд. Сатсанги.,Как просветлел Будда? Почему у Будды получилось?
122,2022-10-18,https://www.youtube.com/watch?v=ipV6WQMc4UQ,Убуд. Сатсанги.,Растворение в настоящем моменте. Пробуждение прямо сейчас!
123,2022-10-15,https://www.youtube.com/watch?v=1g4Bqs_nX_k,Убуд. Сатсанги.,"Кто смотрит твоими глазами? Пробуждение ближе, чем то куда ты смотришь"
124,2022-10-13,https://www.youtube.com/watch?v=0A2cdVV-Fog,Убуд. Сатсанги.,Погружение в реальность. Тишина настоящего момента
125,2022-10-11,https://www.youtube.com/watch?v=vGGKcL7PFmY,Убуд. Сатсанги.,Чем заслужить счастье? Как управлять жизнью? Что делать с тревогой?
126,2022-10-09,https://www.youtube.com/watch?v=JKOiZTv0MRs,Убуд. Сатсанги.,Одиночество. Я никому не нужен... Что делать?
127,2022-10-07,https://www.youtube.com/watch?v=tt231sWd-lI,Убуд. Сатсанги.,Ты дверь в истину. Что такое истина?
128,2022-10-05,https://www.youtube.com/watch?v=QBo1rjrw9Hc,Убуд. Сатсанги.,Как контролировать ум? Ум - враг или друг?
129,2022-09-27,https://www.youtube.com/watch?v=8t2Q0R6cCqs,Убуд. Сатсанги.,Желания - страдания? Как не страдать? Как правильно желать?
130,2022-09-25,https://www.youtube.com/watch?v=ayo9dLnWkg4,Убуд. Сатсанги.,Секрет медитации
131,2022-09-22,https://www.youtube.com/watch?v=Z-68LEmxIe4,Убуд. Сатсанги.,Как ты упускаешь жизнь?
132,2022-09-19,https://www.youtube.com/watch?v=c0MmaJWqgD0,Убуд. Сатсанги.,Что будет после смерти?
133,2022-09-17,https://www.youtube.com/watch?v=RIzU4V_1zDY,Убуд. Сатсанги.,Гармоничная женщина и пробуждение
134,2022-09-14,https://www.youtube.com/watch?v=BAfGWZKVlOY,Убуд. Сатсанги.,Что такое пробуждение?
135,2022-09-10,https://www.youtube.com/watch?v=noUnL3CTwQ0,Убуд. Сатсанги.,Тайна предназначения человеческой жизни!
136,2022-09-08,https://www.youtube.com/watch?v=TXscyOsp9Ck,Убуд. Сатсанги.,Как пробудиться? Надоела грустная и одинокая жизнь?
137,2022-09-05,https://www.youtube.com/watch?v=nG18JyCtQ_I,Убуд. Сатсанги.,Изменим жизнь за 24 часа!
138,2022-09-03,https://www.youtube.com/watch?v=SDoBI2hUhHY,Убуд. Сатсанги.,Дисциплина и спонтанность
139,2022-08-30,https://www.youtube.com/watch?v=p9492cnx5qE,Убуд. Сатсанги.,Как происходит смерь эго? Просветление и обморок
140,2022-08-28,https://www.youtube.com/watch?v=b7E1-ccHVRA,Убуд. Сатсанги.,Быть или не быть?! Кто я и как жить?
141,2022-08-27,https://www.youtube.com/watch?v=P6-vOX7vpqQ,Убуд. Сатсанги.,Почему мужчины изменяют?
142,2022-08-25,https://www.youtube.com/watch?v=qhn57iVyp80,Убуд. Сатсанги.,Деньги решают все? Ценности 21 века
143,2022-08-18,https://www.youtube.com/watch?v=N5qCX-V-9oA,Убуд. Сатсанги.,Минусы на пути к просветлению. Выход есть
144,2022-08-16,https://www.youtube.com/watch?v=KJpY9A6IROw,Убуд. Сатсанги.,Это мешает просветлению сейчас
145,2022-08-14,https://www.youtube.com/watch?v=XE2pCNiJSwQ,Убуд. Сатсанги.,Это важно для просветления
146,2022-08-12,https://www.youtube.com/watch?v=UdEDnKVAFQU,Убуд. Сатсанги.,О любви и просветлении. Пора просыпаться! Просветлённый и ищущие
147,2022-08-09,https://www.youtube.com/watch?v=Jep_EeTJhGc,Убуд. Сатсанги.,Тайна одиночества
148,2022-08-08,https://www.youtube.com/watch?v=FoBBQE2RJDM,Убуд. Сатсанги.,Даниил Зуев о поиске себя и смысле жизни
149,2022-08-07,https://www.youtube.com/watch?v=8si1TVCSgB4,Убуд. Сатсанги.,Переживание истины - ложь!
150,2022-08-04,https://www.youtube.com/watch?v=eekeQt8eq2w,Убуд. Сатсанги.,Последний шаг к пробуждению. Как быть?
151,2022-08-01,https://www.youtube.com/watch?v=QBhm2oa4ank,Убуд. Сатсанги.,Почему не случается пробуждение? Что делать?
152,2022-07-28,https://www.youtube.com/watch?v=VAYhjKPrx8I,Убуд. Сатсанги.,Астрология - это что такое?
153,2022-07-27,https://www.youtube.com/watch?v=LY6-6N-f81k,Убуд. Сатсанги.,Как стать гармоничным? Как найти себя?
154,2022-07-25,https://www.youtube.com/watch?v=QO09i7eaFh4,Убуд. Сатсанги.,Пробуждение от личности на сатсанге
155,2022-07-24,https://www.youtube.com/watch?v=9IAkrkKQAgg,Убуд. Сатсанги.,Просветлённый объяснил принципы государства
156,2022-07-22,https://www.youtube.com/watch?v=dJU8QUfp3jc,Убуд. Сатсанги.,Как выйти из тюрьмы ума? Чувство свободы
157,2022-07-21,https://www.youtube.com/watch?v=NyhI3Wf82Mg,Убуд. Сатсанги.,Бессмысленный опыт жизни: что делать с депрессией?
158,2022-07-19,https://www.youtube.com/watch?v=_NXlXFLRuIk,Убуд. Сатсанги.,Просветлённый раскрыл иллюзию выбора
159,2022-07-16,https://www.youtube.com/watch?v=LuNLTkoTty4,Убуд. Сатсанги.,Как из старого мира появился новый